id,name,description
1,American fiction,Herself half provide film. War best health cover third between protect.
2,Fiction,Herself half provide film. War best health cover third between protect.
3,"Authors, English",Herself half provide film. War best health cover third between protect.
4,Adventure stories,Herself half provide film. War best health cover third between protect.
5,Arthurian romances,Herself half provide film. War best health cover third between protect.
6,Country life,Herself half provide film. War best health cover third between protect.
7,English fiction,Herself half provide film. War best health cover third between protect.
8,Clergy,Herself half provide film. War best health cover third between protect.
9,"Detective and mystery stories, English",Herself half provide film. War best health cover third between protect.
10,Black Death,Herself half provide film. War best health cover third between protect.
11,Human cloning,Herself half provide film. War best health cover third between protect.
12,China,Herself half provide film. War best health cover third between protect.
13,Capitalism,Herself half provide film. War best health cover third between protect.
14,"Children's stories, English",Herself half provide film. War best health cover third between protect.
15,Male friendship,Herself half provide film. War best health cover third between protect.
16,Literary Collections,Herself half provide film. War best health cover third between protect.
17,"Poirot, Hercule (Fictitious character)",Herself half provide film. War best health cover third between protect.
18,Christmas stories,Herself half provide film. War best health cover third between protect.
19,"Battle, Superintendent (Fictitious character)",Herself half provide film. War best health cover third between protect.
20,"Baggins, Frodo (Fictitious character)",Herself half provide film. War best health cover third between protect.
21,Cambridge (Mass.),Herself half provide film. War best health cover third between protect.
22,Fantasy fiction,Herself half provide film. War best health cover third between protect.
23,"Fairy tales, English",Herself half provide film. War best health cover third between protect.
24,Hallucinogenic drugs,Herself half provide film. War best health cover third between protect.
25,Children's stories,Herself half provide film. War best health cover third between protect.
26,Parenthood,Herself half provide film. War best health cover third between protect.
27,"Authors, American",Herself half provide film. War best health cover third between protect.
28,Computer programmers,Herself half provide film. War best health cover third between protect.
29,African American plantation owners,Herself half provide film. War best health cover third between protect.
30,Cowboys,Herself half provide film. War best health cover third between protect.
31,Juvenile Fiction,Herself half provide film. War best health cover third between protect.
32,Philosophy,Herself half provide film. War best health cover third between protect.
33,"Animals, Treatment of",Herself half provide film. War best health cover third between protect.
34,Grandmothers,Herself half provide film. War best health cover third between protect.
35,Business & Economics,Herself half provide film. War best health cover third between protect.
36,Family & Relationships,Herself half provide film. War best health cover third between protect.
37,African Americans in radio broadcasting,Herself half provide film. War best health cover third between protect.
38,Juvenile Nonfiction,Herself half provide film. War best health cover third between protect.
39,Biography & Autobiography,Herself half provide film. War best health cover third between protect.
40,History,Herself half provide film. War best health cover third between protect.
41,Poetry,Herself half provide film. War best health cover third between protect.
42,Self-Help,Herself half provide film. War best health cover third between protect.
43,Religion,Herself half provide film. War best health cover third between protect.
44,Psychology,Herself half provide film. War best health cover third between protect.
45,Literary Criticism,Herself half provide film. War best health cover third between protect.
46,Travel,Herself half provide film. War best health cover third between protect.
47,Political science,Herself half provide film. War best health cover third between protect.
48,Medical,Herself half provide film. War best health cover third between protect.
49,Social Science,Herself half provide film. War best health cover third between protect.
50,Education,Herself half provide film. War best health cover third between protect.
51,Antiques & Collectibles,Herself half provide film. War best health cover third between protect.
52,Reference,Herself half provide film. War best health cover third between protect.
53,Art,Herself half provide film. War best health cover third between protect.
54,Families,Herself half provide film. War best health cover third between protect.
55,"Amis, Kingsley",Herself half provide film. War best health cover third between protect.
56,Comedy,Herself half provide film. War best health cover third between protect.
57,Mothers and sons,Herself half provide film. War best health cover third between protect.
58,Atonement,Herself half provide film. War best health cover third between protect.
59,Badgers,Herself half provide film. War best health cover third between protect.
60,Social action,Herself half provide film. War best health cover third between protect.
61,Businesswomen,Herself half provide film. War best health cover third between protect.
62,Crime investigation,Herself half provide film. War best health cover third between protect.
63,"Short stories, American",Herself half provide film. War best health cover third between protect.
64,Cults,Herself half provide film. War best health cover third between protect.
65,Divorced women,Herself half provide film. War best health cover third between protect.
66,Demonology,Herself half provide film. War best health cover third between protect.
67,Alcoholics,Herself half provide film. War best health cover third between protect.
68,Feature films [DVD],Herself half provide film. War best health cover third between protect.
69,Brothers,Herself half provide film. War best health cover third between protect.
70,England,Herself half provide film. War best health cover third between protect.
71,Adultery,Herself half provide film. War best health cover third between protect.
72,Accidents,Herself half provide film. War best health cover third between protect.
73,Americans,Herself half provide film. War best health cover third between protect.
74,Classical fiction,Herself half provide film. War best health cover third between protect.
75,Historical fiction,Herself half provide film. War best health cover third between protect.
76,Life on other planets,Herself half provide film. War best health cover third between protect.
77,Computers,Herself half provide film. War best health cover third between protect.
78,Existential psychotherapy,Herself half provide film. War best health cover third between protect.
79,Albigenses,Herself half provide film. War best health cover third between protect.
80,Sex,Herself half provide film. War best health cover third between protect.
81,"Tobruk, Battles of, 1941-1942",Herself half provide film. War best health cover third between protect.
82,Drama,Herself half provide film. War best health cover third between protect.
83,"Body, Mind & Spirit",Herself half provide film. War best health cover third between protect.
84,BIOGRAPHY & AUTOBIOGRAPHY,Herself half provide film. War best health cover third between protect.
85,Australia,Herself half provide film. War best health cover third between protect.
86,British,Herself half provide film. War best health cover third between protect.
87,High schools,Herself half provide film. War best health cover third between protect.
88,Courtship,Herself half provide film. War best health cover third between protect.
89,Science,Herself half provide film. War best health cover third between protect.
90,Children of Holocaust survivors,Herself half provide film. War best health cover third between protect.
91,"Experimental fiction, American",Herself half provide film. War best health cover third between protect.
92,Czechoslovakia,Herself half provide film. War best health cover third between protect.
93,Epidemics,Herself half provide film. War best health cover third between protect.
94,Handicapped youth,Herself half provide film. War best health cover third between protect.
95,Sea monsters,Herself half provide film. War best health cover third between protect.
96,Alienation (Social psychology),Herself half provide film. War best health cover third between protect.
97,Adirondack Mountains (N.Y.),Herself half provide film. War best health cover third between protect.
98,Language Arts & Disciplines,Herself half provide film. War best health cover third between protect.
99,Political Science,Herself half provide film. War best health cover third between protect.
100,Pets,Herself half provide film. War best health cover third between protect.
101,Experimental fiction,Herself half provide film. War best health cover third between protect.
102,First loves,Herself half provide film. War best health cover third between protect.
103,Performing Arts,Herself half provide film. War best health cover third between protect.
104,Babytime resource,Herself half provide film. War best health cover third between protect.
105,"Little, Stuart (Fictitious character)",Herself half provide film. War best health cover third between protect.
106,Fantasy,Herself half provide film. War best health cover third between protect.
107,Beowulf,Herself half provide film. War best health cover third between protect.
108,"Fantasy fiction, English",Herself half provide film. War best health cover third between protect.
109,"Poets, Chilean",Herself half provide film. War best health cover third between protect.
110,Cooking,Herself half provide film. War best health cover third between protect.
111,Sports & Recreation,Herself half provide film. War best health cover third between protect.
112,Health & Fitness,Herself half provide film. War best health cover third between protect.
113,Nature,Herself half provide film. War best health cover third between protect.
114,True Crime,Herself half provide film. War best health cover third between protect.
115,Music,Herself half provide film. War best health cover third between protect.
116,New England,Herself half provide film. War best health cover third between protect.
117,Abandoned mines,Herself half provide film. War best health cover third between protect.
118,Community life,Herself half provide film. War best health cover third between protect.
119,"Banks and banking, British",Herself half provide film. War best health cover third between protect.
120,Brothers and sisters,Herself half provide film. War best health cover third between protect.
121,Science fiction,Herself half provide film. War best health cover third between protect.
122,Egypt,Herself half provide film. War best health cover third between protect.
123,Diary fiction,Herself half provide film. War best health cover third between protect.
124,Bail bond agents,Herself half provide film. War best health cover third between protect.
125,Bosnia and Hercegovina,Herself half provide film. War best health cover third between protect.
126,Mormon fundamentalism,Herself half provide film. War best health cover third between protect.
127,American Wit And Humour,Herself half provide film. War best health cover third between protect.
128,Cocaine industry,Herself half provide film. War best health cover third between protect.
129,India,Herself half provide film. War best health cover third between protect.
130,Bombings,Herself half provide film. War best health cover third between protect.
131,Apartments,Herself half provide film. War best health cover third between protect.
132,London (England),Herself half provide film. War best health cover third between protect.
133,Germany,Herself half provide film. War best health cover third between protect.
134,"Adventure stories, English",Herself half provide film. War best health cover third between protect.
135,Adventure fiction,Herself half provide film. War best health cover third between protect.
136,Human-alien encounters,Herself half provide film. War best health cover third between protect.
137,FICTION,Herself half provide film. War best health cover third between protect.
138,Humor,Herself half provide film. War best health cover third between protect.
139,Amnesia,Herself half provide film. War best health cover third between protect.
140,Graphic novels,Herself half provide film. War best health cover third between protect.
141,Man-woman relationships,Herself half provide film. War best health cover third between protect.
142,Short stories,Herself half provide film. War best health cover third between protect.
143,Botswana,Herself half provide film. War best health cover third between protect.
144,Comics & Graphic Novels,Herself half provide film. War best health cover third between protect.
145,Vice-Presidents,Herself half provide film. War best health cover third between protect.
146,United States,Herself half provide film. War best health cover third between protect.
147,Gardening,Herself half provide film. War best health cover third between protect.
148,Mathematics,Herself half provide film. War best health cover third between protect.
149,Occult fiction,Herself half provide film. War best health cover third between protect.
150,Architecture,Herself half provide film. War best health cover third between protect.
151,Detective and mystery stories,Herself half provide film. War best health cover third between protect.
152,Bible,Herself half provide film. War best health cover third between protect.
153,College teachers,Herself half provide film. War best health cover third between protect.
154,Intelligence service,Herself half provide film. War best health cover third between protect.
155,"Ryan, Jack (Fictitious character)",Herself half provide film. War best health cover third between protect.
156,Arctic regions,Herself half provide film. War best health cover third between protect.
157,"Lecter, Hannibal (Fictitious character)",Herself half provide film. War best health cover third between protect.
158,American drama,Herself half provide film. War best health cover third between protect.
159,Blind,Herself half provide film. War best health cover third between protect.
160,"Animals, Mythical",Herself half provide film. War best health cover third between protect.
161,Babysitters Club (Imaginary organization),Herself half provide film. War best health cover third between protect.
162,Fairy tales,Herself half provide film. War best health cover third between protect.
163,Horror stories,Herself half provide film. War best health cover third between protect.
164,Trials (Witchcraft),Herself half provide film. War best health cover third between protect.
165,Los Angeles (Calif.),Herself half provide film. War best health cover third between protect.
166,Television,Herself half provide film. War best health cover third between protect.
167,Bullying,Herself half provide film. War best health cover third between protect.
168,Death,Herself half provide film. War best health cover third between protect.
169,Adolescence,Herself half provide film. War best health cover third between protect.
170,Fantasy.,Herself half provide film. War best health cover third between protect.
171,Boys,Herself half provide film. War best health cover third between protect.
172,Horror tales,Herself half provide film. War best health cover third between protect.
173,"Detective and mystery stories, English.",Herself half provide film. War best health cover third between protect.
174,Foreign Language Study,Herself half provide film. War best health cover third between protect.
175,Drenai (Imaginary place),Herself half provide film. War best health cover third between protect.
176,Discworld (Imaginary place),Herself half provide film. War best health cover third between protect.
177,Criminals,Herself half provide film. War best health cover third between protect.
178,Chocolate,Herself half provide film. War best health cover third between protect.
179,City and town life,Herself half provide film. War best health cover third between protect.
180,Cosmology,Herself half provide film. War best health cover third between protect.
181,New York (State),Herself half provide film. War best health cover third between protect.
182,Contests,Herself half provide film. War best health cover third between protect.
183,Eretz Israel,Herself half provide film. War best health cover third between protect.
184,Apprentices,Herself half provide film. War best health cover third between protect.
185,Divorced people,Herself half provide film. War best health cover third between protect.
186,Airplane crash survival,Herself half provide film. War best health cover third between protect.
187,Czech fiction,Herself half provide film. War best health cover third between protect.
188,Civil law,Herself half provide film. War best health cover third between protect.
189,Polish poetry,Herself half provide film. War best health cover third between protect.
190,Bus travel,Herself half provide film. War best health cover third between protect.
191,"History, Modern",Herself half provide film. War best health cover third between protect.
192,"Children's poetry, American",Herself half provide film. War best health cover third between protect.
193,Motion picture actors and actresses,Herself half provide film. War best health cover third between protect.
194,"Short stories, English",Herself half provide film. War best health cover third between protect.
195,Folklore,Herself half provide film. War best health cover third between protect.
196,Friendship,Herself half provide film. War best health cover third between protect.
197,Family life,Herself half provide film. War best health cover third between protect.
198,Behavior,Herself half provide film. War best health cover third between protect.
199,Adult education,Herself half provide film. War best health cover third between protect.
200,Acting,Herself half provide film. War best health cover third between protect.
201,Ballet,Herself half provide film. War best health cover third between protect.
202,Horror stories.,Herself half provide film. War best health cover third between protect.
203,Cats,Herself half provide film. War best health cover third between protect.
204,Family,Herself half provide film. War best health cover third between protect.
205,English language,Herself half provide film. War best health cover third between protect.
206,Dreams,Herself half provide film. War best health cover third between protect.
207,Canada,Herself half provide film. War best health cover third between protect.
208,Espionage,Herself half provide film. War best health cover third between protect.
209,Law,Herself half provide film. War best health cover third between protect.
210,Boarding school-fiction,Herself half provide film. War best health cover third between protect.
211,African Americans,Herself half provide film. War best health cover third between protect.
212,African American men,Herself half provide film. War best health cover third between protect.
213,Sex customs,Herself half provide film. War best health cover third between protect.
214,Provence (France),Herself half provide film. War best health cover third between protect.
215,Technology & Engineering,Herself half provide film. War best health cover third between protect.
216,Animal sounds,Herself half provide film. War best health cover third between protect.
217,Music trade,Herself half provide film. War best health cover third between protect.
218,Computer science,Herself half provide film. War best health cover third between protect.
219,Business women,Herself half provide film. War best health cover third between protect.
220,Angels,Herself half provide film. War best health cover third between protect.
221,"Dent, Arthur (Fictitious character)",Herself half provide film. War best health cover third between protect.
222,Chrestomanci (Fictitious character),Herself half provide film. War best health cover third between protect.
223,"Fantasy fiction, American",Herself half provide film. War best health cover third between protect.
224,Partition of decedents' estates,Herself half provide film. War best health cover third between protect.
225,Birds,Herself half provide film. War best health cover third between protect.
226,Businessmen,Herself half provide film. War best health cover third between protect.
227,Film producers and directors,Herself half provide film. War best health cover third between protect.
228,"Humorous stories, English",Herself half provide film. War best health cover third between protect.
229,Crusades,Herself half provide film. War best health cover third between protect.
230,Canterbury (England),Herself half provide film. War best health cover third between protect.
231,Aging,Herself half provide film. War best health cover third between protect.
232,Cosmetics industry,Herself half provide film. War best health cover third between protect.
233,"Novelists, English",Herself half provide film. War best health cover third between protect.
234,Castle Rock (Me. : Imaginary place),Herself half provide film. War best health cover third between protect.
235,Continental Op (Fictitious character),Herself half provide film. War best health cover third between protect.
236,Defectors,Herself half provide film. War best health cover third between protect.
237,Crime investigations,Herself half provide film. War best health cover third between protect.
238,Great Britain,Herself half provide film. War best health cover third between protect.
239,Transportation,Herself half provide film. War best health cover third between protect.
240,Games & Activities,Herself half provide film. War best health cover third between protect.
241,JUVENILE FICTION,Herself half provide film. War best health cover third between protect.
242,Good and evil,Herself half provide film. War best health cover third between protect.
243,Heroes,Herself half provide film. War best health cover third between protect.
244,Large print books,Herself half provide film. War best health cover third between protect.
245,Games,Herself half provide film. War best health cover third between protect.
246,"Insane, Criminal and dangerous",Herself half provide film. War best health cover third between protect.
247,Photography,Herself half provide film. War best health cover third between protect.
248,Divorce,Herself half provide film. War best health cover third between protect.
249,Aircraft accidents,Herself half provide film. War best health cover third between protect.
250,Sea stories,Herself half provide film. War best health cover third between protect.
251,"Theology, Doctrinal",Herself half provide film. War best health cover third between protect.
252,Aeneas (Legendary character),Herself half provide film. War best health cover third between protect.
253,Physics,Herself half provide film. War best health cover third between protect.
254,European fiction,Herself half provide film. War best health cover third between protect.
255,Artists,Herself half provide film. War best health cover third between protect.
256,Yoknapatawpha County (Imaginary place),Herself half provide film. War best health cover third between protect.
257,Europe,Herself half provide film. War best health cover third between protect.
258,Book burning,Herself half provide film. War best health cover third between protect.
259,"Nanjing (Jiangsu Sheng, China)",Herself half provide film. War best health cover third between protect.
260,Black market,Herself half provide film. War best health cover third between protect.
261,Cerebrovascular disease,Herself half provide film. War best health cover third between protect.
262,"Comic books, strips, etc",Herself half provide film. War best health cover third between protect.
263,Audiobooks,Herself half provide film. War best health cover third between protect.
264,Cities and towns,Herself half provide film. War best health cover third between protect.
265,Study Aids,Herself half provide film. War best health cover third between protect.
266,Botanique,Herself half provide film. War best health cover third between protect.
267,Crafts & Hobbies,Herself half provide film. War best health cover third between protect.
268,Building laws,Herself half provide film. War best health cover third between protect.
269,LITERARY CRITICISM,Herself half provide film. War best health cover third between protect.
270,Amish,Herself half provide film. War best health cover third between protect.
271,Domestic fiction,Herself half provide film. War best health cover third between protect.
272,Catholic women,Herself half provide film. War best health cover third between protect.
273,Humorous stories,Herself half provide film. War best health cover third between protect.
274,Gardens,Herself half provide film. War best health cover third between protect.
275,Married people,Herself half provide film. War best health cover third between protect.
276,Actors and actresses,Herself half provide film. War best health cover third between protect.
277,"Authors, Cuban",Herself half provide film. War best health cover third between protect.
278,Death (Fictitious character : Gaiman),Herself half provide film. War best health cover third between protect.
279,Astronomers,Herself half provide film. War best health cover third between protect.
280,Disasters,Herself half provide film. War best health cover third between protect.
281,"Authors, Arab",Herself half provide film. War best health cover third between protect.
282,"Nineteen ninety-eight, A.D.",Herself half provide film. War best health cover third between protect.
283,Children of divorced parents,Herself half provide film. War best health cover third between protect.
284,Animals,Herself half provide film. War best health cover third between protect.
285,Amnesty,Herself half provide film. War best health cover third between protect.
286,"Everest, Mount (China and Nepal)",Herself half provide film. War best health cover third between protect.
287,Adjustment (Psychology),Herself half provide film. War best health cover third between protect.
288,English,Herself half provide film. War best health cover third between protect.
289,Gay men,Herself half provide film. War best health cover third between protect.
290,Japan,Herself half provide film. War best health cover third between protect.
